-0.02137124176534741,0.4061860760728654,1
0.9767004512590101,-0.4583230648958083,1
0.9040588181889767,-0.3765195183209672,1
0.37736315593139597,-0.39703716744111384,1
-1.091925571991321,0.5305869534842842,0
0.5893033674343496,-0.32137599301771974,1
0.29248724488050315,-0.20696308753957884,1
-0.026378361734335026,0.44766267100521034,1
1.6201408002696527,-0.28758855823009816,1
0.43246733255512904,0.8071206917588001,0
1.2671828519438877,-0.40793471050810065,1
0.6241860776206716,0.5078104062937839,0
0.33220069503933425,-0.1903220237466552,1
1.9528119960894716,0.2255233265092496,1
1.9797372994482496,0.08315130002556324,1
1.7292636434383168,-0.08800079322720622,1
-0.4528022624819299,1.0227757577963752,0
1.789588100653137,-0.16231967104251357,1
1.0280973990524327,-0.48303309784936055,1
-0.6654677085968501,0.9342365814558391,0
0.003467472728882294,0.1763581693865052,1
0.23310181986489759,0.9515075766286676,0
-0.8941953693353871,0.7255288065374311,0
-0.009956890749796943,0.351022501469148,1
-0.058441654176763835,0.9283872946027532,0
-0.0833494116654509,1.0159377976686577,0
0.537176934158832,0.6353374225167823,0
2.0610013072906024,0.3960143671698958,1
1.7978819432299944,-0.10106546073450899,1
1.9950804766368369,0.2271142085715099,1
-0.751556254167852,0.8714835294467723,0
0.3092992302226678,0.7816641355572947,0
0.22347835896743645,-0.21586279245949078,1
-1.2414702898209569,0.04177826991749532,0
-0.9824780053165639,0.6095355254121818,0
0.0776079199427982,1.080074093288222,0
0.6064473078062914,-0.4212323135166668,1
0.22571792435646254,0.024977047589629604,1
1.8264689725355827,-0.05647377016362428,1
0.6943139169305158,0.30597998244822927,0
-0.7914160541687476,0.97468109171144,0
0.5820404551747068,0.5732687838495222,0
-0.6379217644130111,0.9626317486450024,0
2.114573602922549,0.36945226280097176,1
-0.5860253025035019,0.9451616576493191,0
-0.36872037817262393,0.9559097035285317,0
1.9331897179587911,-0.07086860261133202,1
0.1839527505802008,-0.062473487613485354,1
-1.1159918276367808,0.3279031765427942,0
1.4482994021578994,-0.36510073669959753,1
0.03927763416731231,0.06597151810090561,1
1.7276007815375978,-0.2516050380479384,1
-0.2821162406427888,0.9895194662423529,0
0.17219449019081365,-0.06381550157535147,1
0.6886747622287412,0.17013082886121492,0
0.6922608694499245,0.1795255739860949,0
0.2592820495979804,-0.16386479200305562,1
0.7141405035778899,0.07038051427651006,0
-0.11065878548710639,1.0176596674044673,0
1.4236794415177,-0.3953522895945679,1
-0.4100934390419362,0.9020976159451496,0
0.7621931327594591,0.20049308034949212,0
-0.06916239179473493,0.17661598882501486,1
-0.056651366547112586,0.9778536919017272,0
0.22129849296716522,-0.12171058712942494,1
0.6383540756953149,-0.408799626771914,1
0.5182235408416075,-0.4183909292604944,1
1.6513479104495974,-0.24634340470786834,1
0.6787172152733659,0.3879432914489443,0
0.03195991474457149,0.2340754360790136,1
0.49632751591676405,0.5874255696312145,0
-1.2443493334391436,0.031248420905410683,0
0.1813037127643914,-0.08944621278233666,1
0.9289773585494512,-0.510029264631326,1
-0.4736959910045839,0.9173953823265485,0
-0.48439526743015504,0.9818751419426923,0
0.5063106204922861,-0.3677976488360454,1
0.6871456802671978,0.19620781805876192,0
0.06942815391313314,0.05677354690499763,1
-0.6662270875140182,0.8943725943657549,0
0.6363666829222565,-0.49075947312125456,1
0.7027236026865668,0.33301568358301975,0
-0.3475188295154085,0.8786468540068699,0
0.5746730415480225,0.382172795220859,0
-0.619425283058781,0.9068915596643669,0
0.028529406322205582,0.2696835681307252,1
2.107742158583974,0.5273171289504526,1
0.7472132777121037,-0.4960348041311498,1
0.9576110668652604,-0.4947163632719785,1
-0.8002716592604471,0.910901764969981,0
-0.8904742039978804,0.7076571700403769,0
-1.2281422260432127,0.3239655128741004,0
0.09060345442824758,0.44046007450720215,1
-0.10316832473473275,1.0059143753229096,0
1.2259994001145722,-0.43192992061372937,1
-1.1531858805065767,0.26782972705985697,0
1.0737613683967255,-0.4859081555214971,1
0.5286937878528977,0.5551683580203007,0
0.5961658161110637,0.34639384516322635,0
1.5302872382727954,-0.4304313563314821,1
0.8193499688889234,-0.5655198060066096,1
-0.7423444527611955,0.7874521362554806,0
1.927132618544801,0.12263604229336884,1
-0.26053278547647474,0.9232037901643552,0
0.3396973495753294,-0.2841725640704342,1
0.2990892258697176,-0.2380513220034473,1
0.039627331512575664,0.17866537307866523,1
1.9774500535344222,0.234079692103942,1
0.3396368379627389,0.8688608803652028,0
1.791776930408171,-0.013644617927113946,1
0.04048431440928878,0.3512595859263131,1
1.3920122159014456,-0.34835877115116176,1
1.9079747606592947,0.4691799647680357,1
1.3405775237186934,-0.42494305591392667,1
0.660197514429224,0.5213481084190841,0
-1.121511586474877,0.44035200495430116,0
0.21509831418149872,0.9692826800458622,0
1.9685855923937061,0.39982060303077027,1
-0.053504864135638805,0.28467928313356083,1
-0.4855871667549392,0.9677030193556847,0
1.8038830076655947,-0.13450494592689866,1
-1.0869697720562213,0.44519509171090715,0
0.748948740808155,-0.4293870444629516,1
-0.38631551718687845,1.022867483802495,0
-0.22350823972894485,1.0608013138227834,0
0.05514691703582684,0.14378153218491985,1
0.15407894482893966,-0.09557523761053704,1
-1.2252932613852874,0.3856379436662887,0
1.7174943175246813,-0.22448294846397737,1
1.2451341863071925,-0.4206072593789681,1
0.2237028071897016,-0.08135224116333942,1
1.6474147351820063,-0.34429730965075306,1
-0.372922615199171,0.871011826934748,0
2.0456742978149194,0.49051265245336784,1
-0.06746998748693264,0.23050518847115897,1
0.6470144239590865,0.3790723293531127,0
0.4629154298647282,0.6454084399548248,0
-0.08480533569131266,0.9239581410603653,0
0.6409551327802967,0.09637557897209917,0
0.5954796924228637,0.47206214221453446,0
0.7035901481763159,0.23220564206501929,0
-0.11877506992482462,0.966681291860104,0
0.8798867459445642,-0.4028902160777428,1
-0.5255175867263026,0.984097704047472,0
1.7595863893485137,-0.14885474512953262,1
1.8879655570584535,-0.04110588559652935,1
1.346952559188547,-0.43673822048439637,1
-0.23405010992973818,0.9407220428533601,0
1.480554109948365,-0.34519903966654514,1
-0.6679179070578267,0.8815550652203666,0
0.3433614582910149,-0.31869193161881093,1
0.41259585164746204,0.8855053296429825,0
1.9484177139008794,0.3701702341160022,1
-1.1725781667003112,0.4557666673704325,0
1.96124335725528,0.19708634921110102,1
-1.2655188927618566,0.23607952100952503,0
-0.7033264577558785,0.867787508630084,0
0.7196622785080242,-0.49340521395819037,1
0.6374526650631741,0.368412983667411,0
1.7838907365498862,-0.21543869376133298,1
-0.0004480613532620026,-0.10658348938494083,1
1.1702347337962746,-0.4767799985778196,1
0.47484883409038314,-0.3630095581477992,1
0.3317739989643634,-0.28699829251186965,1
1.6767534541171911,-0.23178610771605618,1
0.5557643618513285,-0.35013986680104026,1
-0.5303415244045642,0.9894935919118412,0
0.6533698201044806,-0.3854601791172613,1
-0.594582921827727,0.9952617060793372,0
-0.6542105777500544,0.952360581073669,0
-0.914246307468959,0.7218877567390231,0
-1.2765601231065522,0.15033085077668845,0
0.5405422542877861,0.658511194923437,0
1.9867331318361088,0.437254551456034,1
-1.20576492430432,0.007284101935356932,0
-0.9040610699855107,0.7598724528111099,0
-0.24066199261536125,0.9320862835818461,0
-0.23501754041259068,1.0088934434625134,0
1.337871790654681,-0.46594001225453546,1
0.5861423330338507,-0.39522788407776965,1
-1.1890554836282452,-0.040601026684593984,0
0.5289005103096923,-0.3569102788487348,1
-0.9785612260371523,0.6745257125585686,0
-0.004780511062108857,0.34577178535893566,1
1.4751730271216446,-0.27638029140841375,1
0.3765179559034115,0.7658753623569184,0
-0.8480777994869654,0.7611171626442352,0
-0.9213042375828886,0.6453018117036439,0
1.972904240930428,0.20279704092807,1
0.9118024391714524,-0.5203196892381192,1
1.8874002057435182,0.17551704890955575,1
1.5123085979208808,-0.3279704513047752,1
0.5008496411497253,-0.2661609658321474,1
0.05148672595569054,0.8925345009852251,0
-0.027950764943756118,1.005376290206583,0
-1.1516869857136731,0.625091325059969,0
-0.7014663111856433,0.8577880033925253,0
-0.027231358137695505,0.9326054282019067,0
0.24627662146488044,-0.16438222715020687,1
0.6793536410235851,0.4544214481454153,0
0.7586540617608457,0.18011861732039008,0
0.037662937381448866,0.2699238672297299,1
0.6989590699758024,-0.405582649094571,1
0.0866983907273326,0.1791693072694373,1
1.470844471256458,-0.3391802287119178,1
0.23961380079492778,-0.043693783369562436,1
0.2057161601585934,0.8593094307720844,0
1.8915139434900679,-0.026010502210310857,1
-1.3175964821437036,0.009375552298312488,0
1.4149844263627622,-0.39271918981335385,1
0.5878590398759589,0.42613394784431835,0
0.3494638541545335,0.8254125216022237,0
1.8795783019431593,0.04951466728441879,1
1.4601402660267848,-0.41771656670951957,1
0.5631458703213645,-0.3529693202363817,1
-0.6897093941579168,0.8165426656934835,0
0.505938936618251,-0.33464354412947317,1
-0.24806096562329658,0.9714448094213274,0
1.8237284273484695,-0.06752866669723487,1
0.8617890757089063,-0.4671916367297798,1
-0.5661043554127958,1.0286541910247868,0
0.8587543302771186,-0.4933593942306419,1
1.9751469952452954,0.34516872759181816,1
0.6938415932280083,0.2670293326736063,0
1.8067823256210032,-0.1570953567668757,1
0.7993648643002651,0.04375671133118682,0
0.01345055834815248,0.20426594971541467,1
-0.8275693779815646,0.7664914852608554,0
1.9170066261220016,-0.04517604084317692,1
0.045238045924702014,0.3093597670558822,1
-0.8394412664957717,0.8826265104252563,0
2.005231249144342,0.5160335878313548,1
-1.253483362657891,0.1789454932929465,0
0.12948978784396156,0.1542936172964292,1
0.7100191987137255,0.2164966819737342,0
0.6794360806160966,0.16746749849149684,0
-0.10285695914072812,1.0496910377743496,0
2.122675629230518,0.2704560677068569,1
0.0574913555842822,0.9728541528373591,0
-0.8082076929017485,0.8931880707864593,0
0.7247088538643435,0.029465956171557988,0
0.08710849715892077,0.9537140769604843,0
0.050525847113584425,0.4556311320681723,1
1.2134043847723197,-0.49691173784567494,1
-0.6763476551070604,1.037485833477008,0
0.5183645452457621,0.7226740159027809,0
-1.2387667184006907,0.39223558661869046,0
0.6748048203622942,0.4749728652333638,0
0.6400332512110143,0.441846271673797,0
-0.40893857542769574,1.0125637198792687,0
0.6397558215665781,0.4593450358638575,0
2.0149218966869675,0.4350805779252967,1
1.1636033071860212,-0.47175850915187234,1
1.7815074696421953,-0.060831116504472336,1
-1.16627459296319,0.605640479730254,0
-0.7541796650698196,0.9107940636281776,0
0.025859919370369393,0.37632306770073937,1
1.9069142312438205,-0.06137931074981458,1
1.9401659307880803,-0.0014130783217369686,1
0.6717096483090739,0.01785388719359586,0
0.7790334103991241,-0.4805161212850643,1
-1.2401397931797629,0.27410981756835184,0
0.6016985508778182,0.5038333552077577,0
-0.395612962701842,1.0206425110383304,0
-0.8339445171011158,0.8407084149111261,0
1.739468418562985,-0.2388520573994403,1
1.3187551851741415,-0.38880631602459426,1
-0.9974011078828955,0.7000376304130725,0
0.3049130067182995,-0.26192333261031603,1
-0.984089636000622,0.6420506891671954,0
-1.2549409374311087,0.004883933733048386,0
0.47700917255579334,0.6988473764149679,0
1.7825289955102306,-0.08323851419298126,1
-0.24618075355054636,1.0226217899943728,0
0.0037866371787284034,0.4099959536645816,1
0.6433491957200252,0.20351931931804346,0
0.03693459678931693,0.9639785446425321,0
0.15606479311853597,-0.07175030992060519,1
0.6365935042028288,0.45560484949814084,0
1.2630027463416758,-0.48603916409127124,1
0.1736533194704183,-0.06661085196672883,1
1.2930675494841775,-0.3554466153293382,1
-0.1357942024756377,1.0131968543991803,0
-0.5246710930971239,0.9710435287885352,0
-0.00010077252258416936,0.9932291355359535,0
0.7429789732853964,-0.4457193448524265,1
-0.9405443807169022,0.8531919997908746,0
-1.2394431937403603,0.3244471130378394,0
-0.05856116149533441,0.9773646970897695,0
1.9698221925388755,0.26813589050438524,1
1.973064864650542,0.190258884605349,1
1.2043505112854298,-0.5041389513121618,1
0.05236582472018032,0.5222017799968333,1
-1.189747216799151,0.25034315760119613,0
-0.8360367228694352,0.7464152312408232,0
-1.2249898950201394,0.1424986937123538,0
1.8560150272613007,0.02569784702500033,1
-1.1960060520199547,0.5098904719734667,0
0.6713927020182104,0.028879374506168877,0
0.24581083660996056,0.7981273131858494,0
0.041614857041363154,0.20972429653054808,1
-1.1273184770510103,0.4396666098985431,0
-1.3567327332191668,0.07267437177451369,0
-1.1318228021603742,0.5223149863127989,0
1.155756186016954,-0.4849424137294191,1
1.8930245663669192,0.11374451033285203,1
-0.6849828008195228,0.7705942625598919,0
0.22873470686652986,0.07582801055837357,1
1.9514279260266112,0.1308745386572107,1
0.07501920323939616,0.11018531951623901,1
0.1606189694102546,-0.030204660697929007,1
0.016099275663376437,0.26473023395633355,1
0.08370632261382979,-0.03735414513002047,1
0.7841558501859509,-0.49528840167789856,1
-1.2944988327098021,0.3354378683085143,0
-1.1326306636855095,0.3242285609034321,0
-0.14521994169952923,0.9115123363221448,0
-0.8581652305508954,0.7909478758543164,0
0.8165937829227553,-0.46330105698977236,1
0.07623579965960603,0.9833737188823278,0
0.636865955844748,0.4302512501908781,0
0.41628092075247125,0.7989226098393425,0
-0.6034909260796428,0.9490554440705049,0
0.3311065969289635,-0.2144652925475458,1
1.2325778713164164,-0.46585115597183846,1
-0.013483712865137141,0.48229393261157355,1
-0.775014070807405,0.7703485414808247,0
-1.188647120689661,0.07298159439471733,0
0.7462129108559318,-0.43319891443616887,1
0.4568007202242268,0.7078223296189133,0
0.751555299880831,-0.48547524624962674,1
-0.5366095271926486,0.8845639326784839,0
0.8397036715524079,-0.524150615444562,1
0.4231989432627436,-0.28766255568915755,1
0.7762181373626456,-0.03674552072388997,0
-0.6742503002479633,0.9363076866507517,0
0.790773566950995,-0.3815626054906763,1
-0.0333870459512904,0.22178526030182227,1
1.7699943333823245,-0.30131756948222327,1
0.03594467094355608,0.2997910331159463,1
-1.219696127111057,0.0994494559895311,0
-1.14818856132593,0.4674170060188141,0
0.2676112076347361,0.9385110390286734,0
0.47112722661029627,0.6815114340126481,0
-1.120496284226609,0.6421184651234796,0
-1.18388110963664,0.44154772139454257,0
0.02378383532079511,0.16855957491065562,1
1.7848942652190163,-0.0665910731709224,1
0.5626292481813207,0.571851929992048,0
1.9810512506649693,0.13660024640650817,1
0.1911477343364732,1.01433226967749,0
-0.4622657843898238,0.9264541655421089,0
1.8279435152801018,-0.011642381835068535,1
0.6440941762766556,0.5072156999570544,0
-0.5034905524431917,0.9320171181555849,0
0.3792083348658327,0.765846606131384,0
-0.6083553182676036,0.9539462745602485,0
-1.061404142238073,0.439492714268857,0
-0.6475211685555937,0.8255152924019483,0
0.3397374577605289,0.717050230699137,0
-1.1340464057558806,0.4994334683965428,0
0.1279384010309648,0.07871634845323806,1
0.372576864851381,0.7625012604658197,0
-1.2291656577645753,0.32170701622630016,0
0.28785443524702836,0.8877069503252681,0
0.6809728496845366,0.13088286445288597,0
1.1121972017368138,-0.5010192741549158,1
0.10261663224760875,0.9728034344433351,0
-1.0579995409866507,0.5632723591391211,0
1.7092389835433595,-0.35548172079177337,1
0.27720693152049247,0.8758606756143166,0
0.7360538785534525,-0.4610881619351797,1
0.36682263170481333,0.7948343213229538,0
0.19129228197492437,0.9445576042501078,0
0.777708672633818,0.0677453838688456,0
0.9463166409279263,-0.5114164410334371,1
-1.3006684482526314,0.11417567582262482,0
0.5944048862137858,0.5092356472357061,0
1.8496096782631468,-0.022935938056117114,1
1.3779600594125094,-0.41126698511928245,1
-0.05441792205878346,0.9823731466909509,0
0.3289427356734955,0.8177573819797911,0
1.1381032547306398,-0.461218231709397,1
-0.17115590884047266,0.9456267425872341,0
-0.039952592362100525,0.985501974923304,0
1.7975757981798375,0.007243964529664498,1
-0.14441356025963623,0.5146634657066751,1
0.438271037238145,0.6989704640420543,0
2.0254007743767777,0.3792433919842689,1
1.1053097702500083,-0.467268047386986,1
0.11057562531850906,0.915544418207169,0
0.6886873812049207,0.23472335199424224,0
0.6511475042110576,-0.4791468813357371,1
0.5427304779194625,0.5973529776217953,0
0.15037229947894018,-0.06255384159572161,1
0.6117756759502471,0.3909265265004409,0
-1.054959846945751,0.6722924279598369,0
-1.2384967025636873,0.34075838472143666,0
1.0407754082730785,-0.4494169500181439,1
1.9745653327281836,0.42885668629275014,1
0.7989967672524148,0.13469184867095194,0
-1.185842328272884,0.2382146970526554,0
0.028498130131812523,0.24820871257833463,1
-0.0005931332760947608,0.3053079331926927,1
0.30664611939361924,-0.21624987078715377,1
0.6630934871644625,-0.49550450791345874,1
1.846528370379491,0.05487082868594822,1
-0.8767995490316152,0.9517795979001498,0
0.6392406769100474,0.31359150938324615,0
0.05938183068183091,0.4127985592774463,1
-0.11006562690830578,0.3771905515137585,1
1.8351011264909998,-0.09093132806216964,1
1.2112640644720454,-0.47004486273214596,1
-0.28404569998465,0.9397949553902923,0
1.332332014428568,-0.43138934329191997,1
0.7494549993616355,-0.423169886416473,1
0.6582395614993388,-0.3503292324442232,1
1.5101879214682936,-0.3281413991388843,1
-0.025610378067933835,0.3953381776673755,1
-1.2564524676654591,0.32469793364884003,0
0.7480180411993752,0.19918801224063537,0
0.7730503979626255,-0.4720015970691104,1
-1.2330827066454677,0.07782114468558568,0
0.05012452522302984,0.14978588115915387,1
-1.2139518963702125,0.3372709972657454,0
-0.8900927973513629,0.7965253008349387,0
0.5939790921232345,0.4772883334123352,0
0.6912848237200061,0.33927881802500365,0
0.31518423493030717,-0.21958607670366795,1
-0.36082515480158367,1.0555416435788973,0
-0.5342734477511065,0.9500045280851553,0
-0.8768511560806208,0.7213348770226666,0
-0.8293790155512624,0.8525040796958357,0
-1.2427469250871122,0.2693533426586962,0
-0.35568746527056144,1.0739092227180786,0
0.7844375696524877,0.1051489326854959,0
0.11960201201667353,0.9290136591624826,0
-0.9009019122589677,0.7238574189589927,0
1.7067700791871292,-0.24049274540801777,1
0.1639608272398762,-0.2597915296356863,1
-0.05496269628353298,0.9934997453960699,0
0.07680084701622314,0.04549620472209095,1
1.9939024983067954,0.3102069849204364,1
0.36212092076740127,-0.27540337094061534,1
0.05507085892061413,0.23375974123782337,1
0.17220358887591428,-0.034307817720931555,1
0.39124411287504435,-0.2498660561593295,1
0.2408312066810775,0.9315553481927829,0
0.44080787330120264,-0.3366527360088319,1
0.5530920912545451,-0.38472688401355126,1
0.1350846962801227,-0.014257023261254526,1
1.7421546804334165,-0.1837540348606524,1
-1.0339391293806417,0.544311717977997,0
0.29278508083779164,0.8915231978162554,0
-0.1255359708044478,1.0537270620795822,0
0.2402888633712877,-0.24314235378398696,1
1.8438768678642203,-0.12649031652831352,1
0.5310418626479455,-0.329285898806121,1
-0.9915566357055887,0.7276645708345509,0
-1.1162308793820275,0.5197716874164034,0
0.6848459697177338,0.40288022527174744,0
0.5718328129152243,0.6317714989594121,0
0.19740722097108435,-0.1486050014430451,1
2.007510326425419,0.3353613214434557,1
-1.0493662189785358,0.578121385928969,0
0.5570927734783936,0.6817100559603938,0
0.43081528815692627,0.602352350311978,0
-1.14238402420758,0.4526083586914133,0
-0.02849832116612446,0.2385485980623932,1
-1.1857907116784943,0.2782880324340885,0
-1.1786626231968222,0.6096430647478994,0
0.6709491382256922,0.509818914109573,0
1.9654465339224418,0.05047610190433598,1
0.6061387129939999,0.4896726930570929,0
-0.6573503339604967,0.8405416554908718,0
2.0039253826299612,0.39640492916913445,1
1.9748942831212735,0.12276049274392374,1
1.9964524832853443,0.14415511656727206,1
0.1794165330999754,-0.07255868720010722,1
0.16621598347955552,0.012998220974296412,1
0.29020049664857867,-0.17578660292800455,1
0.6273274863423824,0.5919600470221493,0
0.6089247883431155,0.10924503343914722,0
-1.0686016008031816,0.559661595179487,0
-0.020658309769524194,0.2869686430492015,1
0.7375820054800791,0.19915064453773526,0
0.724735950859411,0.2901899106002602,0
-0.6367864920013511,0.82350138780635,0
0.2288801287847705,0.8811995104489155,0
-1.1925502609252339,-0.0026199730601336266,0
1.7747864019616464,-0.2961415116236608,1
0.11808024999143729,-0.05600095485044723,1
0.9703699037886488,-0.5578863156519999,1
0.5318873970631965,0.6273754137551937,0
-1.2410319240969652,0.45209713956439024,0
0.23674703389222818,0.8906354373500319,0
-1.209087466807264,0.35947799638202405,0
-1.1261551276393382,0.5686159968568669,0
1.6323651875872884,-0.22835371624305612,1
1.751037225027912,-0.1907002936430473,1
0.4327084392492476,-0.41383499313481653,1
0.23576763405161483,0.9365310458982258,0
-1.0254546961327482,0.5540764057933456,0
1.8701775093337638,-0.054789148604113574,1
1.2881298002277455,-0.45665718303554276,1
1.921188582608904,0.21230160586222674,1
0.6169662392098072,-0.4272278422646017,1
-1.036981631195233,0.6209591838506415,0
1.9483874840764341,0.310981494088566,1
0.9831396233126057,-0.5006563858372098,1
-0.29211856793139307,0.9423341023576534,0
-0.059660086073984084,0.2117040879093407,1
-0.7503137640460915,0.8629537052218356,0
0.7806645007550932,0.09913384146619357,0
-0.7075035113346076,0.861804124497599,0
1.097718904549744,-0.5445274689896823,1
-0.133249774331914,1.0134025094685868,0
0.11276377695916867,1.0238436707072753,0
1.998930446459027,0.41683314533623594,1
0.7000022266038769,0.1223014150437775,0
-0.8927158607366137,0.7564191790890565,0
0.5298317556988078,-0.38745300329638643,1
1.6966052004933032,-0.13040658859699517,1
-0.8042136117666949,0.8496420275164502,0
-1.1407767352581124,0.5057299257128748,0
0.04697393609253137,0.1429532190010081,1
1.4384993065953982,-0.3678733987567342,1
0.01617077007375911,1.0579533031401507,0
0.4051401818686815,-0.2818068282163254,1
0.5478938713967487,0.5563107155071795,0
0.13579291901212504,0.1457565233343805,1
0.6273888062169855,0.41221059458806253,0
0.2493331504861996,-0.16463514325194664,1
-0.5009521445460972,0.9509819363304264,0
1.618564793465073,-0.3665942587017212,1
-1.2397356738787813,0.402648582285326,0
0.30282775002217754,0.8466241570008279,0
0.6564509902438325,0.4532358091802571,0
0.8744883378184299,-0.5292664350026407,1
-1.1906773617062165,0.3715828859500071,0
0.07891584245760774,0.9257037629236954,0
-0.33302679877482544,1.0161241267627343,0
-0.09963565944300018,0.9679831533207046,0
-1.3386859295192106,0.08551006422360004,0
0.5088814470312026,0.7401986887743578,0
1.997897894004819,0.18153241711314042,1
0.04112200360905427,0.41493145306385265,1
1.3966771834821312,-0.38325516299803586,1
0.2088046765137585,-0.009266433896129293,1
0.4932105761091852,0.6912617761978903,0
0.4816902177614554,0.6912719677427132,0
-1.2639580168391111,0.13717432461280588,0
0.6666417997815854,-0.3993537411926558,1
0.6763216268973042,0.293046936035356,0
1.6185029791547985,-0.24519104116011547,1
1.86328352562573,-0.008690954824159736,1
-0.9072881746353788,0.7303787147472682,0
-0.3529559112248607,0.9909734747559312,0
0.7657932159614604,0.3571915030054305,0
-0.8957067517714352,0.7973631230391343,0
0.08806293166371398,0.9283639175083588,0
2.089646129566544,0.5111977639044867,1
1.4669834439461524,-0.33197563927650525,1
0.9286580312028455,-0.4811806238347502,1
-0.2444968877995043,1.0139295286001617,0
-1.2036736834631698,0.24754094272197763,0
0.5397040023316766,-0.32670624237749574,1
-0.5909851630644878,0.8297071581830998,0
-0.8196451530054486,0.88824784151029,0
2.005786138282938,0.2517367430052659,1
0.3130806672790234,0.7858833180860436,0
0.4273020373629022,0.6022763776161989,0
1.265958305102635,-0.4108599172569497,1
0.6249393304212794,0.3718083436833463,0
-0.8616207856857013,0.8563632726474141,0
1.9009061182212441,0.06884624921625394,1
0.3949201999494786,0.7400800529100179,0
-1.1736452640138701,0.12549582962539463,0
-1.0783795775013267,0.6150166980415612,0
0.26854727881522983,-0.16934228945630578,1
-0.6106283338326535,0.9537314208270358,0
0.6460483177245648,0.12562704192371885,0
1.417333239042822,-0.49649196599262907,1
1.2884055810780777,-0.4342955629128192,1
1.2994282078900423,-0.391228050261687,1
-1.073259632802671,0.5798832810346423,0
-0.021306689117003466,0.27666404974095093,1
0.18682261802422412,-0.2994973461644936,1
0.7285598832082368,0.2919937556919383,0
0.21467288747440177,0.8888324350466479,0
-0.2310494999334996,0.952470434606834,0
1.4632507510889974,-0.3592554626920059,1
0.4818781502363079,-0.33058701912230276,1
1.0381259577624737,-0.483749733290317,1
1.6756272435967492,-0.30196268140090565,1
0.3486400014800275,0.8053072035989765,0
-0.4669287504271401,0.9399710154775853,0
0.15366639724410308,-0.09434073568509392,1
-0.0013791069746475343,0.06431261997843951,1
0.8787700210264979,-0.46020108759798356,1
0.7967834766218154,0.06362642722102937,0
0.46843530133682354,0.7620088082285006,0
-0.645635323580902,0.9083481282905073,0
-0.24790461971101532,0.9669339876079467,0
0.45416019741913094,-0.35852250778355554,1
1.9391311317991364,0.28322985858303007,1
0.13327562731590625,0.9888299620492754,0
0.5124104613725036,0.6944938807177057,0
0.2876965990001003,-0.03272397505213495,1
0.12403530794244609,-0.1533052186434246,1
0.24743023022728328,0.8881890939896832,0
-0.5242912209724403,0.9593959903064364,0
1.1650343477488616,-0.5538646435942736,1
0.8271855530078582,-0.3847805177457887,1
0.7832138810684961,-0.4469712669556637,1
0.556716137641891,-0.41716918739053505,1
1.9792537105434254,0.25427922835640343,1
0.026933766169225222,0.40034297008824193,1
2.069498120967828,0.4362608360142391,1
0.8246796458168144,0.2848873018568047,0
1.8384436606065246,-0.04600110928594187,1
0.2780164903121144,0.7247797916248883,0
1.5854004542490547,-0.4060725545016431,1
0.24694546350805135,0.8183366714816989,0
0.7002141462766489,0.06709165073838032,0
-0.007849683379450141,0.4311452112892778,1
0.7589088191871194,0.26874213756713305,0
2.008509873407435,0.4611731921189639,1
1.950669255439995,0.1280078066973535,1
-0.03450175489395475,0.39598707601074584,1
1.9122286307695038,0.22183077041778737,1
-1.2376768764765262,0.011223732396861794,0
-0.4602762793594636,1.0316484357431759,0
0.7830248375464267,-0.5130443944643716,1
1.650357567663155,-0.2876586058051412,1
-0.05479691510007892,0.9790536541271544,0
0.7752337252138446,0.23952636533842916,0
2.0061978338583937,0.19334620117519105,1
-1.1675370571842107,0.3497625223408625,0
1.9192704169033825,0.2195221158776203,1
-0.9516505210387458,0.6407765418269316,0
-0.16570198032419037,0.9763388133908357,0
0.7990609947203429,0.20629588358405002,0
2.0027734756022153,0.2791591168023465,1
-0.8946727019669776,0.7660736707702512,0
-1.1734076427291917,0.1010531804177125,0
1.990110706121436,0.33784215299305254,1
1.6104218342284438,-0.2745889347500731,1
0.7203613581635865,-0.49648995875084545,1
1.4598721641465138,-0.37089188599707423,1
0.2262542880279132,0.9152903776989848,0
1.5134938761044576,-0.25464025729806505,1
1.7028088273169695,-0.18686790327375957,1
0.02372728551128933,0.5233938680708092,1
2.0742272547332874,0.27497396850831407,1
1.4381982100995288,-0.4290266587295294,1
0.10786937518049508,0.09455846835868911,1
2.007418311346916,0.33050218726665287,1
0.18247225660619337,0.8174046370931856,0
1.7485411150245282,0.01647781207852024,1
0.40529156628599916,0.8564215169827514,0
1.269242075565549,-0.373794389437505,1
1.98662387681975,0.40151135775759583,1
0.9863996407585056,-0.5209083849835582,1
0.5180735320439248,0.6352561134416187,0
-0.17322183376217776,1.0497410572208679,0
0.6148815245005763,-0.4616613245553046,1
0.6025269294703098,0.5447934084827437,0
-1.2132730124381794,0.5351946118904838,0
-1.0312515608718273,0.4595313536126999,0
1.0008493828357523,-0.5573282811293513,1
0.14330554698428066,-0.03915308816129039,1
1.1857369071786714,-0.4611575896292627,1
0.47630071613682673,-0.40139914916613406,1
0.3920466136971893,0.6633019568604016,0
0.6901730117100286,0.3389677681314225,0
0.3431230589778632,0.8589967160940021,0
-1.1498296135431145,0.49395016022302285,0
1.9692119161270707,0.06459128794776822,1
0.02355419701601419,0.905401424075449,0
0.5339136986500325,-0.32609079417826137,1
1.5442852173359636,-0.27030211320979936,1
1.0254459036538643,-0.5405754540652656,1
0.6856591486239149,0.007092961807579082,0
1.3572078064349313,-0.4104902712188111,1
0.7724961959128591,0.13347628461694513,0
-1.2151327972731387,0.23619407435686118,0
0.4085914134658922,-0.19709239955080726,1
-0.25744034775312596,1.0447304829420934,0
-0.4824567213831401,1.0001769556335662,0
0.9555708401625238,-0.5635488387131781,1
0.09674490945399504,0.03935232959008142,1
0.20891960230694748,-0.18722714593536427,1
0.9033409850043334,-0.40548091611549897,1
1.7595198387596154,-0.11474333251102056,1
-0.36189027471692276,1.0405634438955484,0
0.22413948364200742,-0.1971201739041523,1
-0.5452855223460142,0.9751431235666935,0
-1.0974330468474298,0.5622571965501586,0
0.26385336905039936,0.7679885906434996,0
1.2720102945585732,-0.5070311626880198,1
0.3759588366643407,-0.39262296954736897,1
1.9054269551641303,-0.15197652003938208,1
0.1088360353798975,0.17353941166679487,1
1.7781686156616714,-0.07831611469642595,1
-1.1893126305283686,0.05897545247341297,0
0.3446891091133355,0.8490873977683159,0
0.4731318458301057,0.8047207889589721,0
0.9131936579047576,-0.4948732745220247,1
1.9573488562918777,0.13990310302916548,1
0.9134444537387055,-0.5351697205917099,1
0.5178329096679996,-0.3686040986997715,1
-0.8758617275934728,0.7796026034672046,0
-1.2512057785657524,0.26754334219326603,0
-0.6818807803842828,0.9249241361049759,0
0.16028637633491494,0.8914539231095208,0
0.4997094761575074,0.7583960871301029,0
1.635694786421806,-0.27262385990772786,1
0.1840392824700099,-0.1181585480107689,1
0.330365938420061,0.7823095355684584,0
1.8848565006149718,0.16310217004119348,1
0.06499037882258313,0.9184490407965745,0
0.23170521815608025,-0.14037098421020477,1
-0.4331499847618166,1.0132329261188513,0
-0.5436191027133537,0.9517602430233854,0
-0.9892161111824123,0.5838573081607782,0
0.4602820825877286,0.6988846386900802,0
0.14847669952508774,0.8781521803158315,0
-0.005289560596229592,0.9174454116809432,0
-1.1335116880761271,0.34317618912624265,0
-0.2357127942386868,1.034794048641326,0
-1.1273098151108902,0.5362047491056425,0
1.8353068602390123,0.08395525905410062,1
1.1013745411540978,-0.49408546973413037,1
1.7507859416822633,0.007533422208704815,1
1.469933985687836,-0.3418352960629417,1
1.7619274539984036,-0.09794507919862232,1
0.5473102796627205,0.66125328425766,0
0.317029756648171,-0.2500306027966267,1
-1.1245200062301077,0.6125423024649467,0
1.2576690900707146,-0.4485312851520229,1
1.140534502005988,-0.42319743192671533,1
0.8510567032049889,-0.49257266389918386,1
1.8200289370913776,0.02912799165352755,1
-0.15082372904489982,0.9802163157294758,0
0.3855678284342961,-0.3229995165168446,1
1.832080754959263,-0.0037677342948546307,1
1.0634936112769395,-0.55151959896679,1
1.3053348150185526,-0.38111958979848415,1
1.8621721833533527,-0.02151310653751875,1
0.3259965139047971,-0.2281699208647904,1
1.7573640359274354,-0.24140487034603894,1
1.0580777929774057,-0.4505672333571912,1
-1.0187467327838147,0.6907147631176219,0
1.9823097592146892,0.4299160638551837,1
0.08004379141252124,0.37696350991865785,1
-0.3338411458362324,0.9531165518236112,0
1.4333027745425153,-0.4023712162668439,1
-1.2368377529704373,0.41001836066068875,0
-1.239656492495596,0.004652055868909304,0
0.48962374865385727,0.6551194038774679,0
0.6603635483887582,-0.4391884728666082,1
-0.28167264864017716,0.9947812869407875,0
1.611278836084678,-0.24056081510259955,1
0.14822076605677742,-0.19466620888258224,1
0.5874122948186635,-0.3963442851524476,1
-0.9713533171423128,0.7367757629916575,0
1.9750561801758517,0.4921087226499833,1
1.5363449378274021,-0.3169110668448662,1
-0.09775934528520891,1.0747219512919652,0
1.1845436903499498,-0.49602582762261843,1
0.6173283311001421,-0.3543297813157656,1
-0.6085300419674959,0.8426179619616073,0
0.48098980209674824,-0.3407501953440836,1
-1.0874682385763519,0.5240496559285501,0
1.7606291290200764,-0.1645072764585691,1
0.6605825424517209,-0.46171768169208605,1
-0.9574600604308738,0.718934130013812,0
-0.31439035896652034,0.8666280370406515,0
1.0043291321131098,-0.6198949615593068,1
0.2991117272202126,-0.21630106121441156,1
0.35279701969295335,-0.24071859885323263,1
-0.3522926031140581,0.9899555869779699,0
-0.9121737133999107,0.6631002553563234,0
-0.9931148446980856,0.7397758587210745,0
-0.1020311898925938,0.9967524765686744,0
2.007399214271862,0.17731412254586246,1
1.2869309464006964,-0.40589858333167295,1
-1.1861536810858393,0.10159623822021915,0
-0.7924982467778454,0.8512914999877094,0
-0.11317939378933384,0.42171188266107507,1
0.3392984267693231,-0.2765971195231466,1
1.9599907938610681,0.3846723857950752,1
1.985322021629067,0.06235966220807006,1
1.7951840131930346,-0.05991679836558082,1
0.29461885686695893,-0.17847000223050563,1
1.60614653328497,-0.3199082654434057,1
1.2973847427178125,-0.47369946279909625,1
0.40547734263154167,-0.34098172995460835,1
1.590514881405918,-0.250403644172989,1
0.07779476062119,0.1362159595166606,1
1.9003372147960562,0.3175533331049689,1
0.05671920919605883,0.07641896671175771,1
1.3144820850804113,-0.47108917856272214,1
0.5970477760290743,0.4181767970733139,0
-0.18629596764350004,1.0298817385520407,0
0.6269646163400832,-0.4556865878347496,1
0.29132964550981555,0.8712548832350971,0
0.011583851976794662,0.2681596821679075,1
0.6993236420152802,0.22980460025990193,0
0.07361863450396877,0.21994047525303553,1
0.3392592749123341,0.7826122428257578,0
0.406144019076425,-0.3287827196362138,1
1.763596683339985,-0.19523967174519058,1
1.6486915549879573,-0.2610286666010861,1
1.5784073139407897,-0.30085098745780675,1
1.9194571347552354,0.07974242024047626,1
0.8604744183514398,-0.4867565609411477,1
0.5845448406575776,0.5651412799070576,0
0.1050688352018364,0.08462690019342022,1
-0.18889171945601158,1.026816561161334,0
0.9485547267590134,-0.5610516183525553,1
0.05850233758424467,0.09232673581761183,1
0.7037244996391261,-0.3718903682603237,1
-1.2083995486859709,0.1829189720690934,0
0.05483770690547791,0.25059410971915247,1
1.796519025042513,-0.1536972001584023,1
0.05188691657237304,0.8992626732748483,0
-1.0663345899821506,0.5696317575774928,0
1.2999899944042876,-0.4253054616573801,1
-1.0584897129625785,0.5552874891305405,0
1.1027061334692163,-0.5189382845453103,1
1.5413356967250154,-0.29685089429169703,1
-0.08471160982021333,0.9008222562513402,0
0.6824771987893767,-0.05498257762065896,0
1.1285843092956866,-0.48570454398856633,1
0.3787275371250402,-0.2501967865427847,1
1.9640493582511989,0.043810024896126336,1
0.25879463399588387,-0.22711133075944995,1
0.9965972911648352,-0.5596217228214833,1
0.006139402232989595,0.18454012286879,1
0.770050828617131,-0.4864987917356861,1
0.6041502752345098,-0.42310147851257024,1
0.48861353908488214,0.6777489151718835,0
1.3638882469117608,-0.309998550926577,1
0.8185628281649207,-0.4420895878541432,1
0.14273001233810748,0.04188902338886154,1
-1.0128793315212463,0.5323517097321465,0
-0.01796529840604455,0.3138372844046242,1
0.7269910506371062,0.2253268053322805,0
0.7022384439744107,0.14879379507579316,0
1.1663479471564113,-0.46060854249014255,1
1.534681762803947,-0.3099236494641088,1
0.11990243796705619,0.9333919037100045,0
0.3908239551321332,0.7949502064180196,0
0.787439503990736,0.2061980698699697,0
1.6846267444491305,-0.15991856779098618,1
-0.12206697888956522,1.045099959603982,0
-1.2766624186914628,-0.020414328454609262,0
1.1756935498597783,-0.6179021184258471,1
-1.0101780410850274,0.6390572981450053,0
-0.5415176615140838,0.9333161402422115,0
-1.061896368085501,0.529168297315714,0
0.5297805518522823,-0.33246005027412895,1
-1.0807228499597747,0.5688352326721351,0
0.20628531048316168,-0.01838203013244639,1
-1.2729933517414864,-0.05047730941467041,0
0.46871673279099135,0.6775605785555954,0
0.6448591436499106,0.39192999197460315,0
-1.1443943261747442,0.19452518014587553,0
0.42256340726764485,-0.327378254766558,1
0.4709154809970969,0.7266915290237453,0
1.9101111437351328,0.3953493792458464,1
0.05643656243980857,0.41458517754244617,1
1.5304580449002139,-0.3965605112268295,1
1.8575318832645034,0.277009924192454,1
0.7240132594201618,0.4418917406497508,0
1.4242140233798932,-0.42728863419164936,1
0.8004913158044216,0.1342348865555803,0
0.2841113402855393,0.8655180578975504,0
0.6916598253275545,0.2761789058580983,0
-1.3139848876240656,-0.01705441664861696,0
-0.9250231019219641,0.7325257918980794,0
0.16509095823899256,0.9279765263168213,0
0.9653269741882563,-0.5001340667227457,1
-0.01794246256934781,0.9511044577331956,0
1.2226875287424543,-0.39384046284985436,1
0.6938735111314883,0.344303422286615,0
1.762308943971179,-0.240288927536174,1
-0.7637772819037197,0.9180462031788715,0
1.0815176342417825,-0.4979585890635959,1
0.7972594934522245,-0.4681693056022481,1
0.8523282860094877,-0.41780283505235516,1
-0.5823757765090405,0.945257094106218,0
0.6435205295945912,-0.5043479855116628,1
-0.24061482416624733,1.0404483010061818,0
0.8201188281664391,-0.45047049731282135,1
-1.1659395290252508,0.33369917527554266,0
-1.208388958391594,0.24149665784368612,0
1.949698043093755,0.42602413245146686,1
1.4632739185814487,-0.4919269546479593,1
1.711411973570764,-0.30290727895118685,1
-0.40671980080104053,0.9848957397860001,0
0.015439676583257789,1.0003422289697628,0
0.36945884621606273,0.8158800591916902,0
0.0377421527141316,0.15244452738171008,1
0.8983474237124535,-0.4993570847729972,1
-0.9962630501338061,0.6359107992573942,0
0.6461149510574886,-0.429568570409702,1
-1.1635174088905358,0.11955831614046483,0
1.4203855929449098,-0.4267845476641277,1
1.1095924557853807,-0.5742754996974517,1
0.47292824198006944,0.6178248779350897,0
0.1582506264818656,0.07143306465657524,1
-1.0517674916959139,0.723566646982552,0
0.6945673085715209,-0.07676642286508525,0
1.8833546686102136,0.0863596104615732,1
1.9069052925816163,0.3867739263941996,1
0.12026467007841032,0.06103080945209591,1
0.630199864297024,0.5024329383266082,0
0.02234218972315183,0.9702952661304376,0
0.737043634180512,0.1717890736536283,0
1.2347826949424812,-0.424752896655102,1
0.06076367955538808,0.5003388639021644,1
-1.227757569878373,0.48423409928227584,0
-1.1773553782354007,0.20270900200568004,0
-0.9301879767687514,0.7567035860284822,0
0.6735398515738621,0.5783206702822696,0
-0.8273529710154244,0.9301751369119973,0
1.8029873997383545,-0.1117260298126734,1
0.06372793373743997,0.026707120903246562,1
-0.8211594473614869,0.8495053023268582,0
1.1467960086968432,-0.4650921552723531,1
-0.2397309884890996,0.9915220663397655,0
0.762479575428554,0.09123679877099287,0
-0.7310581379972206,0.8942218899566153,0
0.27559690624013683,-0.11342576787592833,1
-1.010738862660445,0.643792767861709,0
-0.3189995992003907,1.0535936428713195,0
0.29219288186762404,0.8163120857164957,0
1.5573957022189715,-0.3136291646838624,1
1.9640988136292095,0.4124179709225864,1
0.4787810817445109,-0.31014682084986656,1
1.4987652585129752,-0.3585847844214688,1
-1.2251503331787739,0.11692291853621228,0
1.9228331053919576,0.39100404554896934,1
0.07116809834154524,0.5088865294391419,1
1.4986023046344203,-0.28562725320580173,1
-0.21834090743999718,0.9681850055625798,0
0.09278557158171516,0.13465646755547123,1
1.6245480211656356,-0.1895166388286573,1
0.11573681035972688,0.10601675313644868,1
0.6661308525351213,-0.3890865981012992,1
0.22882016743042471,0.8908023308240709,0
1.2447234938305243,-0.5300059382894151,1
0.6066243125576949,-0.5516589745627907,1
-1.2116901007095184,0.15973674583121883,0
0.5580310295644941,-0.49711468889367605,1
-0.03253814552150909,0.43728846428088664,1
0.723726870455468,0.35626734597179077,0
-1.225036030700411,0.1379387515057112,0
0.15796310516079087,0.08026063038867517,1
1.5864160940282395,-0.30812883217216425,1
1.0113964275939702,-0.5518191270267814,1
-0.25895286277746576,1.008121644708765,0
0.7065549092838592,0.14832545170674544,0
-0.6896080807168821,0.8652922240987655,0
-1.213477494771947,0.16618991500334923,0
0.17688454952399751,0.8720473790292391,0
-0.36361667794354535,0.9627746232001045,0
1.9284727682287581,0.2767918770828352,1
0.05275579158700999,0.8647710523126371,0
-0.967926295245547,0.6581196686990107,0
1.3955926313105051,-0.5465862304424174,1
-1.177002780083817,0.5160844279669387,0
-1.227848205382481,0.09269477750950172,0
-0.7965021298811779,0.8399209148346867,0
1.1029894137565603,-0.4129282672912732,1
-0.6651838752604806,0.950890691176492,0
0.42181790965367505,-0.32201273977909656,1
0.3815020606957785,0.7672789717451685,0
0.48754233720761514,-0.2681105581944324,1
1.6784404873697873,-0.200177757167414,1
0.5229843582975352,0.5693084514974619,0
-0.9417321792409309,0.6406910264205575,0
0.5328262807231933,0.5507458266987093,0
-1.2241741736528216,0.22562358315680073,0
-0.7722400543915524,0.8393728919656983,0
-0.022728467116756468,0.9973794456364957,0
-1.3331006410360984,0.276910915007692,0
0.5406874090373106,0.573684335533575,0
0.30098821838516837,-0.10490681680684293,1
0.7421053817619112,0.06072464380436819,0
0.744140443395479,-0.4638932538587638,1
0.6791918192609102,0.5432224447970733,0
0.5480549094251059,0.5730642907156376,0
-0.39549196420816424,0.952210602813155,0
1.6625846200665195,-0.3079192974488752,1
-1.1935587275506014,0.32789359847521676,0
0.5441940613267031,0.6077717126326211,0
1.408074428008679,0.5305869534842842,2
2.932467332555129,0.8071206917588001,2
3.1241860776206716,0.5078104062937839,2
2.04719773751807,1.0227757577963752,2
1.8345322914031499,0.9342365814558391,2
2.7331018198648978,0.9515075766286676,2
1.605804630664613,0.7255288065374311,2
2.4415583458232364,0.9283872946027532,2
2.4166505883345493,1.0159377976686577,2
3.037176934158832,0.6353374225167823,2
1.748443745832148,0.8714835294467723,2
2.809299230222668,0.7816641355572947,2
1.2585297101790431,0.04177826991749532,2
1.517521994683436,0.6095355254121818,2
2.5776079199427984,1.080074093288222,2
3.1943139169305157,0.30597998244822927,2
1.7085839458312524,0.97468109171144,2
3.082040455174707,0.5732687838495222,2
1.862078235586989,0.9626317486450024,2
1.913974697496498,0.9451616576493191,2
2.131279621827376,0.9559097035285317,2
1.3840081723632192,0.3279031765427942,2
2.2178837593572114,0.9895194662423529,2
3.1886747622287412,0.17013082886121492,2
3.1922608694499246,0.1795255739860949,2
3.21414050357789,0.07038051427651006,2
2.3893412145128936,1.0176596674044673,2
2.089906560958064,0.9020976159451496,2
3.2621931327594593,0.20049308034949212,2
2.4433486334528873,0.9778536919017272,2
3.178717215273366,0.3879432914489443,2
2.996327515916764,0.5874255696312145,2
1.2556506665608564,0.031248420905410683,2
2.026304008995416,0.9173953823265485,2
2.015604732569845,0.9818751419426923,2
3.187145680267198,0.19620781805876192,2
1.8337729124859818,0.8943725943657549,2
3.2027236026865666,0.33301568358301975,2
2.1524811704845916,0.8786468540068699,2
3.0746730415480226,0.382172795220859,2
1.880574716941219,0.9068915596643669,2
1.699728340739553,0.910901764969981,2
1.6095257960021196,0.7076571700403769,2
1.2718577739567873,0.3239655128741004,2
2.3968316752652674,1.0059143753229096,2
1.3468141194934233,0.26782972705985697,2
3.0286937878528977,0.5551683580203007,2
3.0961658161110637,0.34639384516322635,2
1.7576555472388045,0.7874521362554806,2
2.2394672145235255,0.9232037901643552,2
2.839636837962739,0.8688608803652028,2
3.160197514429224,0.5213481084190841,2
1.378488413525123,0.44035200495430116,2
2.715098314181499,0.9692826800458622,2
2.014412833245061,0.9677030193556847,2
1.4130302279437787,0.44519509171090715,2
2.1136844828131216,1.022867483802495,2
2.276491760271055,1.0608013138227834,2
1.2747067386147126,0.3856379436662887,2
2.127077384800829,0.871011826934748,2
3.1470144239590865,0.3790723293531127,2
2.9629154298647284,0.6454084399548248,2
2.4151946643086872,0.9239581410603653,2
3.140955132780297,0.09637557897209917,2
3.0954796924228636,0.47206214221453446,2
3.203590148176316,0.23220564206501929,2
2.3812249300751755,0.966681291860104,2
1.9744824132736976,0.984097704047472,2
2.265949890070262,0.9407220428533601,2
1.8320820929421733,0.8815550652203666,2
2.912595851647462,0.8855053296429825,2
1.3274218332996888,0.4557666673704325,2
1.2344811072381434,0.23607952100952503,2
1.7966735422441213,0.867787508630084,2
3.137452665063174,0.368412983667411,2
1.9696584755954358,0.9894935919118412,2
1.905417078172273,0.9952617060793372,2
1.8457894222499456,0.952360581073669,2
1.585753692531041,0.7218877567390231,2
1.2234398768934478,0.15033085077668845,2
3.0405422542877862,0.658511194923437,2
1.29423507569568,0.007284101935356932,2
1.5959389300144893,0.7598724528111099,2
2.2593380073846387,0.9320862835818461,2
2.2649824595874093,1.0088934434625134,2
1.3109445163717548,-0.040601026684593984,2
1.5214387739628477,0.6745257125585686,2
2.8765179559034113,0.7658753623569184,2
1.6519222005130345,0.7611171626442352,2
1.5786957624171114,0.6453018117036439,2
2.5514867259556904,0.8925345009852251,2
2.472049235056244,1.005376290206583,2
1.3483130142863269,0.625091325059969,2
1.7985336888143566,0.8577880033925253,2
2.4727686418623045,0.9326054282019067,2
3.179353641023585,0.4544214481454153,2
3.2586540617608457,0.18011861732039008,2
2.7057161601585933,0.8593094307720844,2
1.1824035178562964,0.009375552298312488,2
3.087859039875959,0.42613394784431835,2
2.8494638541545334,0.8254125216022237,2
1.8102906058420833,0.8165426656934835,2
2.2519390343767034,0.9714448094213274,2
1.9338956445872042,1.0286541910247868,2
3.1938415932280084,0.2670293326736063,2
3.299364864300265,0.04375671133118682,2
1.6724306220184353,0.7664914852608554,2
1.6605587335042284,0.8826265104252563,2
1.246516637342109,0.1789454932929465,2
3.2100191987137254,0.2164966819737342,2
3.179436080616097,0.16746749849149684,2
2.3971430408592718,1.0496910377743496,2
2.557491355584282,0.9728541528373591,2
1.6917923070982515,0.8931880707864593,2
3.2247088538643434,0.029465956171557988,2
2.587108497158921,0.9537140769604843,2
1.8236523448929396,1.037485833477008,2
3.0183645452457624,0.7226740159027809,2
1.2612332815993093,0.39223558661869046,2
3.174804820362294,0.4749728652333638,2
3.1400332512110145,0.441846271673797,2
2.0910614245723043,1.0125637198792687,2
3.139755821566578,0.4593450358638575,2
1.33372540703681,0.605640479730254,2
1.7458203349301804,0.9107940636281776,2
3.171709648309074,0.01785388719359586,2
1.2598602068202371,0.27410981756835184,2
3.1016985508778183,0.5038333552077577,2
2.104387037298158,1.0206425110383304,2
1.666055482898884,0.8407084149111261,2
1.5025988921171045,0.7000376304130725,2
1.515910363999378,0.6420506891671954,2
1.2450590625688913,0.004883933733048386,2
2.9770091725557934,0.6988473764149679,2
2.2538192464494538,1.0226217899943728,2
3.1433491957200252,0.20351931931804346,2
2.536934596789317,0.9639785446425321,2
3.136593504202829,0.45560484949814084,2
2.364205797524362,1.0131968543991803,2
1.975328906902876,0.9710435287885352,2
2.4998992274774157,0.9932291355359535,2
1.559455619283098,0.8531919997908746,2
1.2605568062596397,0.3244471130378394,2
2.4414388385046655,0.9773646970897695,2
1.310252783200849,0.25034315760119613,2
1.6639632771305648,0.7464152312408232,2
1.2750101049798606,0.1424986937123538,2
1.3039939479800453,0.5098904719734667,2
3.1713927020182107,0.028879374506168877,2
2.7458108366099605,0.7981273131858494,2
1.3726815229489897,0.4396666098985431,2
1.1432672667808332,0.07267437177451369,2
1.3681771978396258,0.5223149863127989,2
1.815017199180477,0.7705942625598919,2
1.2055011672901979,0.3354378683085143,2
1.3673693363144905,0.3242285609034321,2
2.354780058300471,0.9115123363221448,2
1.6418347694491047,0.7909478758543164,2
2.576235799659606,0.9833737188823278,2
3.136865955844748,0.4302512501908781,2
2.916280920752471,0.7989226098393425,2
1.8965090739203572,0.9490554440705049,2
1.724985929192595,0.7703485414808247,2
1.311352879310339,0.07298159439471733,2
2.956800720224227,0.7078223296189133,2
1.9633904728073515,0.8845639326784839,2
3.2762181373626458,-0.03674552072388997,2
1.8257496997520368,0.9363076866507517,2
1.280303872888943,0.0994494559895311,2
1.35181143867407,0.4674170060188141,2
2.767611207634736,0.9385110390286734,2
2.9711272266102964,0.6815114340126481,2
1.379503715773391,0.6421184651234796,2
1.31611889036336,0.44154772139454257,2
3.0626292481813207,0.571851929992048,2
2.6911477343364734,1.01433226967749,2
2.0377342156101763,0.9264541655421089,2
3.1440941762766554,0.5072156999570544,2
1.9965094475568081,0.9320171181555849,2
2.8792083348658326,0.765846606131384,2
1.8916446817323964,0.9539462745602485,2
1.438595857761927,0.439492714268857,2
1.8524788314444063,0.8255152924019483,2
2.839737457760529,0.717050230699137,2
1.3659535942441194,0.4994334683965428,2
2.872576864851381,0.7625012604658197,2
1.2708343422354247,0.32170701622630016,2
2.7878544352470285,0.8877069503252681,2
3.1809728496845366,0.13088286445288597,2
2.6026166322476088,0.9728034344433351,2
1.4420004590133493,0.5632723591391211,2
2.7772069315204924,0.8758606756143166,2
2.8668226317048133,0.7948343213229538,2
2.6912922819749245,0.9445576042501078,2
3.277708672633818,0.0677453838688456,2
1.1993315517473686,0.11417567582262482,2
3.094404886213786,0.5092356472357061,2
2.4455820779412165,0.9823731466909509,2
2.8289427356734955,0.8177573819797911,2
2.328844091159527,0.9456267425872341,2
2.4600474076378993,0.985501974923304,2
2.938271037238145,0.6989704640420543,2
2.610575625318509,0.915544418207169,2
3.188687381204921,0.23472335199424224,2
3.0427304779194624,0.5973529776217953,2
3.111775675950247,0.3909265265004409,2
1.445040153054249,0.6722924279598369,2
1.2615032974363127,0.34075838472143666,2
3.2989967672524148,0.13469184867095194,2
1.314157671727116,0.2382146970526554,2
1.6232004509683848,0.9517795979001498,2
3.139240676910047,0.31359150938324615,2
2.21595430001535,0.9397949553902923,2
1.2435475323345409,0.32469793364884003,2
3.248018041199375,0.19918801224063537,2
1.2669172933545323,0.07782114468558568,2
1.2860481036297875,0.3372709972657454,2
1.6099072026486372,0.7965253008349387,2
3.0939790921232344,0.4772883334123352,2
3.191284823720006,0.33927881802500365,2
2.1391748451984163,1.0555416435788973,2
1.9657265522488934,0.9500045280851553,2
1.6231488439193793,0.7213348770226666,2
1.6706209844487376,0.8525040796958357,2
1.2572530749128878,0.2693533426586962,2
2.1443125347294387,1.0739092227180786,2
3.2844375696524875,0.1051489326854959,2
2.6196020120166734,0.9290136591624826,2
1.5990980877410323,0.7238574189589927,2
2.445037303716467,0.9934997453960699,2
2.7408312066810776,0.9315553481927829,2
1.4660608706193583,0.544311717977997,2
2.792785080837792,0.8915231978162554,2
2.3744640291955523,1.0537270620795822,2
1.5084433642944113,0.7276645708345509,2
1.3837691206179725,0.5197716874164034,2
3.184845969717734,0.40288022527174744,2
3.071832812915224,0.6317714989594121,2
1.4506337810214642,0.578121385928969,2
3.0570927734783937,0.6817100559603938,2
2.9308152881569263,0.602352350311978,2
1.35761597579242,0.4526083586914133,2
1.3142092883215057,0.2782880324340885,2
1.3213373768031778,0.6096430647478994,2
3.1709491382256925,0.509818914109573,2
3.106138712994,0.4896726930570929,2
1.8426496660395033,0.8405416554908718,2
3.1273274863423826,0.5919600470221493,2
3.1089247883431153,0.10924503343914722,2
1.4313983991968184,0.559661595179487,2
3.2375820054800792,0.19915064453773526,2
3.224735950859411,0.2901899106002602,2
1.863213507998649,0.82350138780635,2
2.7288801287847706,0.8811995104489155,2
1.3074497390747661,-0.0026199730601336266,2
3.0318873970631968,0.6273754137551937,2
1.2589680759030348,0.45209713956439024,2
2.736747033892228,0.8906354373500319,2
1.290912533192736,0.35947799638202405,2
1.3738448723606618,0.5686159968568669,2
2.735767634051615,0.9365310458982258,2
1.4745453038672518,0.5540764057933456,2
1.463018368804767,0.6209591838506415,2
2.207881432068607,0.9423341023576534,2
1.7496862359539085,0.8629537052218356,2
3.280664500755093,0.09913384146619357,2
1.7924964886653925,0.861804124497599,2
2.366750225668086,1.0134025094685868,2
2.6127637769591687,1.0238436707072753,2
3.200002226603877,0.1223014150437775,2
1.6072841392633863,0.7564191790890565,2
1.695786388233305,0.8496420275164502,2
1.3592232647418876,0.5057299257128748,2
2.516170770073759,1.0579533031401507,2
3.0478938713967487,0.5563107155071795,2
3.1273888062169855,0.41221059458806253,2
1.9990478554539028,0.9509819363304264,2
1.2602643261212187,0.402648582285326,2
2.8028277500221774,0.8466241570008279,2
3.1564509902438322,0.4532358091802571,2
1.3093226382937835,0.3715828859500071,2
2.578915842457608,0.9257037629236954,2
2.166973201225175,1.0161241267627343,2
2.4003643405569997,0.9679831533207046,2
1.1613140704807894,0.08551006422360004,2
3.008881447031203,0.7401986887743578,2
2.993210576109185,0.6912617761978903,2
2.9816902177614555,0.6912719677427132,2
1.2360419831608889,0.13717432461280588,2
3.1763216268973045,0.293046936035356,2
1.592711825364621,0.7303787147472682,2
2.1470440887751394,0.9909734747559312,2
3.2657932159614607,0.3571915030054305,2
1.6042932482285648,0.7973631230391343,2
2.588062931663714,0.9283639175083588,2
2.2555031122004956,1.0139295286001617,2
1.2963263165368302,0.24754094272197763,2
1.9090148369355122,0.8297071581830998,2
1.6803548469945513,0.88824784151029,2
2.8130806672790234,0.7858833180860436,2
2.927302037362902,0.6022763776161989,2
3.124939330421279,0.3718083436833463,2
1.6383792143142988,0.8563632726474141,2
2.8949201999494787,0.7400800529100179,2
1.3263547359861299,0.12549582962539463,2
1.4216204224986733,0.6150166980415612,2
1.8893716661673465,0.9537314208270358,2
3.146048317724565,0.12562704192371885,2
1.426740367197329,0.5798832810346423,2
3.228559883208237,0.2919937556919383,2
2.7146728874744017,0.8888324350466479,2
2.2689505000665005,0.952470434606834,2
2.8486400014800273,0.8053072035989765,2
2.03307124957286,0.9399710154775853,2
3.2967834766218154,0.06362642722102937,2
2.9684353013368234,0.7620088082285006,2
1.854364676419098,0.9083481282905073,2
2.2520953802889845,0.9669339876079467,2
2.633275627315906,0.9888299620492754,2
3.012410461372504,0.6944938807177057,2
2.747430230227283,0.8881890939896832,2
1.9757087790275598,0.9593959903064364,2
3.3246796458168144,0.2848873018568047,2
2.7780164903121145,0.7247797916248883,2
2.7469454635080512,0.8183366714816989,2
3.200214146276649,0.06709165073838032,2
3.2589088191871194,0.26874213756713305,2
1.2623231235234738,0.011223732396861794,2
2.0397237206405365,1.0316484357431759,2
2.445203084899921,0.9790536541271544,2
3.2752337252138446,0.23952636533842916,2
1.3324629428157893,0.3497625223408625,2
1.5483494789612542,0.6407765418269316,2
2.33429801967581,0.9763388133908357,2
3.299060994720343,0.20629588358405002,2
1.6053272980330224,0.7660736707702512,2
1.3265923572708083,0.1010531804177125,2
2.726254288027913,0.9152903776989848,2
2.6824722566061934,0.8174046370931856,2
2.905291566285999,0.8564215169827514,2
3.0180735320439247,0.6352561134416187,2
2.326778166237822,1.0497410572208679,2
3.1025269294703097,0.5447934084827437,2
1.2867269875618206,0.5351946118904838,2
1.4687484391281727,0.4595313536126999,2
2.892046613697189,0.6633019568604016,2
3.1901730117100286,0.3389677681314225,2
2.8431230589778633,0.8589967160940021,2
1.3501703864568855,0.49395016022302285,2
2.523554197016014,0.905401424075449,2
3.1856591486239147,0.007092961807579082,2
3.272496195912859,0.13347628461694513,2
1.2848672027268613,0.23619407435686118,2
2.2425596522468743,1.0447304829420934,2
2.01754327861686,1.0001769556335662,2
2.138109725283077,1.0405634438955484,2
1.9547144776539858,0.9751431235666935,2
1.4025669531525702,0.5622571965501586,2
2.7638533690503992,0.7679885906434996,2
1.3106873694716314,0.05897545247341297,2
2.8446891091133355,0.8490873977683159,2
2.973131845830106,0.8047207889589721,2
1.6241382724065272,0.7796026034672046,2
1.2487942214342476,0.26754334219326603,2
1.8181192196157172,0.9249241361049759,2
2.660286376334915,0.8914539231095208,2
2.9997094761575074,0.7583960871301029,2
2.8303659384200612,0.7823095355684584,2
2.564990378822583,0.9184490407965745,2
2.0668500152381832,1.0132329261188513,2
1.9563808972866463,0.9517602430233854,2
1.5107838888175877,0.5838573081607782,2
2.9602820825877285,0.6988846386900802,2
2.6484766995250877,0.8781521803158315,2
2.4947104394037702,0.9174454116809432,2
1.3664883119238729,0.34317618912624265,2
2.2642872057613133,1.034794048641326,2
1.3726901848891098,0.5362047491056425,2
3.0473102796627205,0.66125328425766,2
1.3754799937698923,0.6125423024649467,2
2.3491762709551,0.9802163157294758,2
1.4812532672161853,0.6907147631176219,2
2.1661588541637675,0.9531165518236112,2
1.2631622470295627,0.41001836066068875,2
1.260343507504404,0.004652055868909304,2
2.989623748653857,0.6551194038774679,2
2.218327351359823,0.9947812869407875,2
1.5286466828576872,0.7367757629916575,2
2.402240654714791,1.0747219512919652,2
1.891469958032504,0.8426179619616073,2
1.4125317614236481,0.5240496559285501,2
1.5425399395691262,0.718934130013812,2
2.1856096410334795,0.8666280370406515,2
2.147707396885942,0.9899555869779699,2
1.5878262866000892,0.6631002553563234,2
1.5068851553019145,0.7397758587210745,2
2.397968810107406,0.9967524765686744,2
1.3138463189141607,0.10159623822021915,2
1.7075017532221546,0.8512914999877094,2
3.097047776029074,0.4181767970733139,2
2.3137040323565,1.0298817385520407,2
2.7913296455098155,0.8712548832350971,2
3.19932364201528,0.22980460025990193,2
2.839259274912334,0.7826122428257578,2
3.0845448406575775,0.5651412799070576,2
2.3111082805439884,1.026816561161334,2
1.2916004513140291,0.1829189720690934,2
2.551886916572373,0.8992626732748483,2
1.4336654100178494,0.5696317575774928,2
1.4415102870374215,0.5552874891305405,2
2.4152883901797866,0.9008222562513402,2
3.1824771987893765,-0.05498257762065896,2
2.988613539084882,0.6777489151718835,2
1.4871206684787537,0.5323517097321465,2
3.226991050637106,0.2253268053322805,2
3.2022384439744105,0.14879379507579316,2
2.619902437967056,0.9333919037100045,2
2.890823955132133,0.7949502064180196,2
3.2874395039907363,0.2061980698699697,2
2.377933021110435,1.045099959603982,2
1.2233375813085372,-0.020414328454609262,2
1.4898219589149726,0.6390572981450053,2
1.9584823384859162,0.9333161402422115,2
1.438103631914499,0.529168297315714,2
1.4192771500402253,0.5688352326721351,2
1.2270066482585136,-0.05047730941467041,2
2.968716732790991,0.6775605785555954,2
3.1448591436499105,0.39192999197460315,2
1.3556056738252558,0.19452518014587553,2
2.970915480997097,0.7266915290237453,2
3.224013259420162,0.4418917406497508,2
3.300491315804422,0.1342348865555803,2
2.7841113402855395,0.8655180578975504,2
3.1916598253275543,0.2761789058580983,2
1.1860151123759344,-0.01705441664861696,2
1.5749768980780359,0.7325257918980794,2
2.6650909582389923,0.9279765263168213,2
2.482057537430652,0.9511044577331956,2
3.193873511131488,0.344303422286615,2
1.7362227180962804,0.9180462031788715,2
1.9176242234909595,0.945257094106218,2
2.259385175833753,1.0404483010061818,2
1.3340604709747492,0.33369917527554266,2
1.291611041608406,0.24149665784368612,2
2.0932801991989596,0.9848957397860001,2
2.5154396765832576,1.0003422289697628,2
2.869458846216063,0.8158800591916902,2
1.5037369498661939,0.6359107992573942,2
1.3364825911094642,0.11955831614046483,2
2.9729282419800693,0.6178248779350897,2
1.4482325083040861,0.723566646982552,2
3.194567308571521,-0.07676642286508525,2
3.130199864297024,0.5024329383266082,2
2.522342189723152,0.9702952661304376,2
3.237043634180512,0.1717890736536283,2
1.272242430121627,0.48423409928227584,2
1.3226446217645993,0.20270900200568004,2
1.5698120232312487,0.7567035860284822,2
3.173539851573862,0.5783206702822696,2
1.6726470289845756,0.9301751369119973,2
1.678840552638513,0.8495053023268582,2
2.2602690115109003,0.9915220663397655,2
3.262479575428554,0.09123679877099287,2
1.7689418620027793,0.8942218899566153,2
1.489261137339555,0.643792767861709,2
2.181000400799609,1.0535936428713195,2
2.7921928818676243,0.8163120857164957,2
1.2748496668212261,0.11692291853621228,2
2.2816590925600027,0.9681850055625798,2
2.728820167430425,0.8908023308240709,2
1.2883098992904816,0.15973674583121883,2
3.223726870455468,0.35626734597179077,2
1.274963969299589,0.1379387515057112,2
2.2410471372225342,1.008121644708765,2
3.2065549092838594,0.14832545170674544,2
1.810391919283118,0.8652922240987655,2
1.286522505228053,0.16618991500334923,2
2.6768845495239977,0.8720473790292391,2
2.1363833220564548,0.9627746232001045,2
2.55275579158701,0.8647710523126371,2
1.532073704754453,0.6581196686990107,2
1.322997219916183,0.5160844279669387,2
1.272151794617519,0.09269477750950172,2
1.7034978701188221,0.8399209148346867,2
1.8348161247395194,0.950890691176492,2
2.8815020606957784,0.7672789717451685,2
3.0229843582975353,0.5693084514974619,2
1.558267820759069,0.6406910264205575,2
3.032826280723193,0.5507458266987093,2
1.2758258263471784,0.22562358315680073,2
1.7277599456084476,0.8393728919656983,2
2.4772715328832433,0.9973794456364957,2
1.1668993589639016,0.276910915007692,2
3.040687409037311,0.573684335533575,2
3.2421053817619114,0.06072464380436819,2
3.17919181926091,0.5432224447970733,2
3.048054909425106,0.5730642907156376,2
2.1045080357918358,0.952210602813155,2
1.3064412724493986,0.32789359847521676,2
3.044194061326703,0.6077717126326211,2
0.158074428008679,1.8305869534842842,3
1.6824673325551291,2.1071206917588,3
1.8741860776206716,1.8078104062937839,3
0.7971977375180701,2.322775757796375,3
0.5845322914031499,2.234236581455839,3
1.4831018198648975,2.2515075766286676,3
0.3558046306646129,2.025528806537431,3
1.1915583458232362,2.2283872946027534,3
1.166650588334549,2.3159377976686577,3
1.7871769341588322,1.9353374225167823,3
0.498443745832148,2.1714835294467725,3
1.5592992302226678,2.0816641355572947,3
0.008529710179043137,1.3417782699174954,3
0.26752199468343607,1.9095355254121817,3
1.3276079199427981,2.380074093288222,3
1.9443139169305157,1.6059799824482293,3
0.4585839458312524,2.27468109171144,3
1.832040455174707,1.8732687838495221,3
0.6120782355869889,2.2626317486450027,3
0.6639746974964981,2.2451616576493194,3
0.8812796218273761,2.255909703528532,3
0.13400817236321916,1.6279031765427943,3
0.9678837593572113,2.289519466242353,3
1.9386747622287412,1.470130828861215,3
1.9422608694499246,1.4795255739860949,3
1.96414050357789,1.3703805142765102,3
1.1393412145128936,2.3176596674044676,3
0.8399065609580638,2.2020976159451497,3
2.0121931327594593,1.5004930803494922,3
1.1933486334528873,2.2778536919017274,3
1.928717215273366,1.6879432914489443,3
1.746327515916764,1.8874255696312146,3
0.005650666560856332,1.3312484209054107,3
0.7763040089954161,2.2173953823265484,3
0.765604732569845,2.2818751419426926,3
1.9371456802671978,1.496207818058762,3
0.5837729124859818,2.194372594365755,3
1.9527236026865666,1.6330156835830199,3
0.9024811704845914,2.17864685400687,3
1.8246730415480226,1.682172795220859,3
0.630574716941219,2.206891559664367,3
0.4497283407395529,2.210901764969981,3
0.35952579600211965,2.007657170040377,3
0.02185777395678734,1.6239655128741004,3
1.1468316752652672,2.3059143753229097,3
0.09681411949342345,1.567829727059857,3
1.7786937878528977,1.855168358020301,3
1.8461658161110637,1.6463938451632263,3
0.5076555472388045,2.0874521362554805,3
0.9894672145235253,2.223203790164355,3
1.5896368379627388,2.168860880365203,3
1.910197514429224,1.8213481084190841,3
0.12848841352512297,1.740352004954301,3
1.4650983141814988,2.2692826800458623,3
0.7644128332450608,2.2677030193556846,3
0.16303022794377875,1.7451950917109071,3
0.8636844828131216,2.322867483802495,3
1.0264917602710553,2.3608013138227832,3
0.02470673861471251,1.6856379436662887,3
0.877077384800829,2.1710118269347483,3
1.8970144239590865,1.6790723293531127,3
1.7129154298647282,1.9454084399548248,3
1.1651946643086872,2.2239581410603653,3
1.8909551327802967,1.3963755789720993,3
1.8454796924228636,1.7720621422145344,3
1.9535901481763158,1.5322056420650194,3
1.1312249300751753,2.2666812918601043,3
0.7244824132736974,2.284097704047472,3
1.015949890070262,2.2407220428533603,3
0.5820820929421733,2.181555065220367,3
1.662595851647462,2.1855053296429823,3
0.07742183329968877,1.7557666673704326,3
-0.015518892761856584,1.536079521009525,3
0.5466735422441215,2.167787508630084,3
1.887452665063174,1.668412983667411,3
0.7196584755954358,2.289493591911841,3
0.655417078172273,2.295261706079337,3
0.5957894222499456,2.252360581073669,3
0.33575369253104104,2.021887756739023,3
-0.026560123106552203,1.4503308507766886,3
1.7905422542877862,1.958511194923437,3
0.04423507569567997,1.307284101935357,3
0.3459389300144893,2.05987245281111,3
1.0093380073846387,2.2320862835818462,3
1.0149824595874093,2.3088934434625132,3
0.06094451637175469,1.259398973315406,3
0.27143877396284766,1.9745257125585687,3
1.6265179559034115,2.0658753623569184,3
0.4019222005130346,2.0611171626442353,3
0.3286957624171114,1.945301811703644,3
1.3014867259556906,2.192534500985225,3
1.222049235056244,2.305376290206583,3
0.098313014286327,1.925091325059969,3
0.5485336888143567,2.1577880033925254,3
1.2227686418623045,2.2326054282019068,3
1.9293536410235852,1.7544214481454152,3
2.0086540617608457,1.4801186173203902,3
1.4557161601585933,2.1593094307720846,3
-0.06759648214370362,1.3093755522983126,3
1.8378590398759589,1.7261339478443185,3
1.5994638541545334,2.1254125216022235,3
0.5602906058420832,2.1165426656934834,3
1.0019390343767034,2.2714448094213275,3
0.6838956445872042,2.328654191024787,3
1.9438415932280084,1.5670293326736062,3
2.049364864300265,1.3437567113311868,3
0.4224306220184354,2.0664914852608556,3
0.41055873350422833,2.1826265104252562,3
-0.003483362657890954,1.4789454932929464,3
1.9600191987137254,1.5164966819737342,3
1.9294360806160966,1.4674674984914968,3
1.1471430408592718,2.34969103777435,3
1.3074913555842822,2.2728541528373594,3
0.44179230709825146,2.1931880707864595,3
1.9747088538643434,1.329465956171558,3
1.3371084971589209,2.253714076960484,3
0.5736523448929396,2.3374858334770083,3
1.7683645452457621,2.0226740159027807,3
0.011233281599309253,1.6922355866186904,3
1.924804820362294,1.7749728652333638,3
1.8900332512110143,1.741846271673797,3
0.8410614245723043,2.312563719879269,3
1.889755821566578,1.7593450358638576,3
0.08372540703681008,1.9056404797302542,3
0.4958203349301804,2.2107940636281778,3
1.9217096483090739,1.3178538871935959,3
0.00986020682023725,1.5741098175683519,3
1.8516985508778183,1.803833355207758,3
0.854387037298158,2.32064251103833,3
0.41605548289888417,2.140708414911126,3
0.2525988921171045,2.0000376304130727,3
0.26591036399937795,1.9420506891671954,3
-0.004940937431108683,1.3048839337330485,3
1.7270091725557934,1.998847376414968,3
1.0038192464494538,2.322621789994373,3
1.8933491957200252,1.5035193193180434,3
1.2869345967893169,2.2639785446425322,3
1.8865935042028288,1.7556048494981409,3
1.1142057975243622,2.3131968543991803,3
0.7253289069028761,2.2710435287885353,3
1.2498992274774159,2.2932291355359533,3
0.30945561928309784,2.1531919997908746,3
0.010556806259639728,1.6244471130378395,3
1.1914388385046655,2.2773646970897694,3
0.060252783200849036,1.5503431576011961,3
0.4139632771305648,2.0464152312408235,3
0.02501010497986056,1.4424986937123538,3
0.05399394798004531,1.8098904719734668,3
1.9213927020182104,1.3288793745061689,3
1.4958108366099605,2.0981273131858496,3
0.12268152294898971,1.7396666098985432,3
-0.10673273321916676,1.3726743717745138,3
0.11817719783962577,1.822314986312799,3
0.5650171991804772,2.070594262559892,3
-0.04449883270980215,1.6354378683085145,3
0.11736933631449065,1.6242285609034322,3
1.1047800583004708,2.2115123363221447,3
0.39183476944910456,2.0909478758543165,3
1.3262357996596061,2.283373718882328,3
1.886865955844748,1.7302512501908782,3
1.6662809207524711,2.0989226098393425,3
0.6465090739203572,2.249055444070505,3
0.47498592919259497,2.0703485414808247,3
0.06135287931033906,1.3729815943947175,3
1.7068007202242268,2.0078223296189135,3
0.7133904728073514,2.184563932678484,3
2.0262181373626458,1.26325447927611,3
0.5757496997520367,2.236307686650752,3
0.030303872888943095,1.3994494559895312,3
0.10181143867407016,1.7674170060188141,3
1.5176112076347361,2.2385110390286735,3
1.7211272266102964,1.9815114340126483,3
0.12950371577339093,1.9421184651234795,3
0.06611889036336005,1.7415477213945425,3
1.8126292481813207,1.8718519299920482,3
1.4411477343364731,2.31433226967749,3
0.7877342156101762,2.226454165542109,3
1.8940941762766554,1.8072156999570543,3
0.7465094475568083,2.232017118155585,3
1.6292083348658326,2.065846606131384,3
0.6416446817323964,2.2539462745602483,3
0.188595857761927,1.739492714268857,3
0.6024788314444063,2.1255152924019485,3
1.589737457760529,2.017050230699137,3
0.11595359424411955,1.799433468396543,3
1.622576864851381,2.0625012604658197,3
0.020834342235424685,1.6217070162263,3
1.5378544352470285,2.187706950325268,3
1.9309728496845366,1.430882864452886,3
1.3526166322476088,2.272803434443335,3
0.19200045901334917,1.8632723591391211,3
1.5272069315204924,2.1758606756143166,3
1.6168226317048133,2.0948343213229537,3
1.4412922819749243,2.244557604250108,3
2.027708672633818,1.3677453838688456,3
-0.05066844825263139,1.414175675822625,3
1.8444048862137858,1.809235647235706,3
1.1955820779412165,2.2823731466909507,3
1.5789427356734955,2.117757381979791,3
1.0788440911595274,2.245626742587234,3
1.2100474076378995,2.285501974923304,3
1.6882710372381449,1.9989704640420545,3
1.360575625318509,2.215544418207169,3
1.9386873812049208,1.5347233519942423,3
1.7927304779194624,1.8973529776217952,3
1.861775675950247,1.690926526500441,3
0.19504015305424893,1.9722924279598368,3
0.01150329743631262,1.6407583847214366,3
2.0489967672524148,1.434691848670952,3
0.06415767172711595,1.5382146970526556,3
0.37320045096838483,2.25177959790015,3
1.8892406769100474,1.6135915093832462,3
0.96595430001535,2.2397949553902925,3
-0.0064524676654591495,1.62469793364884,3
1.998018041199375,1.4991880122406354,3
0.016917293354532292,1.3778211446855857,3
0.03604810362978761,1.6372709972657455,3
0.35990720264863707,2.096525300834939,3
1.8439790921232344,1.7772883334123353,3
1.941284823720006,1.6392788180250037,3
0.8891748451984163,2.3555416435788974,3
0.7157265522488935,2.2500045280851553,3
0.3731488439193792,2.0213348770226665,3
0.42062098444873763,2.1525040796958357,3
0.007253074912887736,1.5693533426586963,3
0.8943125347294385,2.373909222718079,3
2.0344375696524875,1.405148932685496,3
1.3696020120166734,2.2290136591624825,3
0.34909808774103235,2.023857418958993,3
1.195037303716467,2.29349974539607,3
1.4908312066810776,2.231555348192783,3
0.2160608706193583,1.844311717977997,3
1.5427850808377916,2.1915231978162555,3
1.124464029195552,2.3537270620795825,3
0.2584433642944113,2.027664570834551,3
0.13376912061797264,1.8197716874164036,3
1.9348459697177338,1.7028802252717474,3
1.8218328129152241,1.9317714989594121,3
0.20063378102146434,1.878121385928969,3
1.8070927734783937,1.9817100559603937,3
1.6808152881569263,1.9023523503119781,3
0.10761597579242,1.7526083586914134,3
0.06420928832150563,1.5782880324340884,3
0.07133737680317764,1.9096430647478995,3
1.9209491382256922,1.809818914109573,3
1.856138712994,1.789672693057093,3
0.5926496660395033,2.140541655490872,3
1.8773274863423826,1.8919600470221494,3
1.8589247883431155,1.4092450334391473,3
0.18139839919681833,1.859661595179487,3
1.9875820054800792,1.4991506445377354,3
1.9747359508594111,1.5901899106002602,3
0.6132135079986489,2.12350138780635,3
1.4788801287847706,2.1811995104489155,3
0.05744973907476614,1.2973800269398663,3
1.7818873970631965,1.9273754137551937,3
0.008968075903034944,1.7520971395643903,3
1.4867470338922282,2.190635437350032,3
0.04091253319273602,1.659477996382024,3
0.12384487236066177,1.868615996856867,3
1.4857676340516148,2.236531045898226,3
0.2245453038672519,1.8540764057933456,3
0.2130183688047672,1.9209591838506417,3
0.957881432068607,2.2423341023576535,3
0.4996862359539085,2.1629537052218355,3
2.030664500755093,1.3991338414661936,3
0.5424964886653924,2.161804124497599,3
1.116750225668086,2.313402509468587,3
1.3627637769591687,2.3238436707072756,3
1.950002226603877,1.4223014150437776,3
0.3572841392633863,2.0564191790890565,3
0.4457863882333051,2.1496420275164505,3
0.1092232647418877,1.8057299257128747,3
1.2661707700737592,2.3579533031401505,3
1.7978938713967487,1.8563107155071794,3
1.8773888062169855,1.7122105945880626,3
0.7490478554539028,2.2509819363304264,3
0.010264326121218748,1.7026485822853261,3
1.5528277500221774,2.146624157000828,3
1.9064509902438325,1.7532358091802571,3
0.05932263829378348,1.671582885950007,3
1.3289158424576077,2.2257037629236955,3
0.9169732012251746,2.3161241267627344,3
1.1503643405569999,2.2679831533207047,3
-0.08868592951921062,1.3855100642236,3
1.7588814470312026,2.0401986887743577,3
1.7432105761091852,1.9912617761978904,3
1.7316902177614555,1.9912719677427133,3
-0.013958016839111131,1.437174324612806,3
1.9263216268973042,1.593046936035356,3
0.3427118253646212,2.0303787147472683,3
0.8970440887751393,2.290973474755931,3
2.0157932159614607,1.6571915030054305,3
0.3542932482285648,2.097363123039134,3
1.338062931663714,2.228363917508359,3
1.0055031122004956,2.3139295286001618,3
0.04632631653683028,1.5475409427219777,3
0.6590148369355122,2.1297071581830997,3
0.4303548469945514,2.18824784151029,3
1.5630806672790234,2.0858833180860437,3
1.6773020373629022,1.9022763776161988,3
1.8749393304212794,1.6718083436833464,3
0.38837921431429867,2.1563632726474142,3
1.6449201999494787,2.040080052910018,3
0.07635473598612985,1.4254958296253948,3
0.17162042249867315,1.9150166980415613,3
0.6393716661673465,2.2537314208270356,3
1.8960483177245648,1.425627041923719,3
0.176740367197329,1.8798832810346422,3
1.978559883208237,1.5919937556919384,3
1.4646728874744017,2.188832435046648,3
1.0189505000665005,2.252470434606834,3
1.5986400014800275,2.1053072035989766,3
0.7830712495728599,2.239971015477585,3
2.0467834766218154,1.3636264272210294,3
1.7184353013368234,2.0620088082285006,3
0.604364676419098,2.208348128290507,3
1.0020953802889847,2.266933987607947,3
1.3832756273159061,2.2888299620492756,3
1.7624104613725036,1.9944938807177057,3
1.4974302302272833,2.188189093989683,3
0.7257087790275597,2.2593959903064365,3
2.0746796458168144,1.5848873018568048,3
1.5280164903121145,2.0247797916248884,3
1.4969454635080512,2.118336671481699,3
1.950214146276649,1.3670916507383803,3
2.0089088191871194,1.568742137567133,3
0.012323123523473756,1.3112237323968619,3
0.7897237206405364,2.331648435743176,3
1.195203084899921,2.2790536541271544,3
2.0252337252138446,1.5395263653384292,3
0.08246294281578925,1.6497625223408625,3
0.2983494789612542,1.9407765418269316,3
1.0842980196758096,2.2763388133908355,3
2.049060994720343,1.50629588358405,3
0.35532729803302243,2.066073670770251,3
0.07659235727080838,1.4010531804177124,3
1.4762542880279133,2.215290377698985,3
1.4324722566061934,2.117404637093186,3
1.655291566285999,2.1564215169827516,3
1.7680735320439247,1.9352561134416186,3
1.0767781662378222,2.349741057220868,3
1.8525269294703097,1.8447934084827438,3
0.03672698756182047,1.8351946118904838,3
0.21874843912817254,1.7595313536127,3
1.6420466136971892,1.9633019568604015,3
1.9401730117100286,1.6389677681314225,3
1.5931230589778633,2.158996716094002,3
0.10017038645688536,1.793950160223023,3
1.2735541970160142,2.205401424075449,3
1.9356591486239147,1.307092961807579,3
2.022496195912859,1.433476284616945,3
0.03486720272686128,1.5361940743568612,3
0.992559652246874,2.3447304829420936,3
0.7675432786168599,2.3001769556335665,3
0.8881097252830772,2.3405634438955483,3
0.7047144776539858,2.2751431235666937,3
0.15256695315257018,1.8622571965501586,3
1.5138533690503992,2.0679885906434996,3
0.06068736947163145,1.358975452473413,3
1.5946891091133355,2.149087397768316,3
1.7231318458301057,2.1047207889589723,3
0.3741382724065272,2.0796026034672046,3
-0.0012057785657524356,1.567543342193266,3
0.5681192196157172,2.224924136104976,3
1.410286376334915,2.191453923109521,3
1.7497094761575074,2.058396087130103,3
1.580365938420061,2.0823095355684584,3
1.3149903788225832,2.2184490407965747,3
0.8168500152381835,2.313232926118851,3
0.7063808972866463,2.2517602430233854,3
0.26078388881758774,1.8838573081607781,3
1.7102820825877285,1.9988846386900803,3
1.3984766995250877,2.1781521803158315,3
1.2447104394037705,2.2174454116809432,3
0.11648831192387299,1.6431761891262426,3
1.0142872057613133,2.334794048641326,3
0.12269018488910977,1.8362047491056426,3
1.7973102796627205,1.96125328425766,3
0.12547999376989227,1.9125423024649466,3
1.0991762709551,2.2802163157294757,3
0.23125326721618533,1.990714763117622,3
0.9161588541637675,2.253116551823611,3
0.013162247029562701,1.7100183606606887,3
0.010343507504404048,1.3046520558689094,3
1.7396237486538573,1.955119403877468,3
0.9683273513598228,2.2947812869407875,3
0.27864668285768723,2.0367757629916574,3
1.1522406547147912,2.3747219512919653,3
0.6414699580325041,2.1426179619616073,3
0.16253176142364822,1.8240496559285502,3
0.29253993956912616,2.018934130013812,3
0.9356096410334797,2.1666280370406517,3
0.8977073968859419,2.28995558697797,3
0.3378262866000893,1.9631002553563235,3
0.25688515530191436,2.0397758587210744,3
1.1479688101074061,2.2967524765686744,3
0.0638463189141607,1.4015962382202192,3
0.4575017532221546,2.1512914999877095,3
1.8470477760290742,1.718176797073314,3
1.0637040323565,2.3298817385520407,3
1.5413296455098155,2.1712548832350973,3
1.9493236420152802,1.529804600259902,3
1.589259274912334,2.082612242825758,3
1.8345448406575775,1.8651412799070577,3
1.0611082805439884,2.3268165611613343,3
0.04160045131402923,1.4829189720690934,3
1.301886916572373,2.1992626732748484,3
0.18366541001784953,1.8696317575774928,3
0.19151028703742157,1.8552874891305406,3
1.1652883901797866,2.20082225625134,3
1.9324771987893767,1.245017422379341,3
1.738613539084882,1.9777489151718837,3
0.23712066847875357,1.8323517097321464,3
1.9769910506371062,1.5253268053322806,3
1.9522384439744107,1.4487937950757932,3
1.3699024379670561,2.2333919037100047,3
1.640823955132133,2.0949502064180194,3
2.0374395039907363,1.5061980698699697,3
1.1279330211104348,2.3450999596039823,3
-0.026662418691462797,1.2795856715453908,3
0.2398219589149726,1.9390572981450054,3
0.7084823384859162,2.2333161402422115,3
0.18810363191449908,1.829168297315714,3
0.16927715004022525,1.8688352326721351,3
-0.022993351741486423,1.2495226905853296,3
1.7187167327909914,1.9775605785555954,3
1.8948591436499105,1.6919299919746031,3
0.10560567382525565,1.4945251801458757,3
1.720915480997097,2.0266915290237453,3
1.9740132594201618,1.7418917406497507,3
2.050491315804422,1.4342348865555803,3
1.5341113402855393,2.1655180578975504,3
1.9416598253275545,1.5761789058580984,3
-0.06398488762406562,1.282945583351383,3
0.32497689807803587,2.0325257918980792,3
1.4150909582389926,2.227976526316821,3
1.2320575374306522,2.2511044577331956,3
1.9438735111314882,1.644303422286615,3
0.48622271809628026,2.2180462031788717,3
0.6676242234909595,2.245257094106218,3
1.0093851758337526,2.340448301006182,3
0.08406047097474922,1.6336991752755428,3
0.041611041608405896,1.5414966578436862,3
0.8432801991989595,2.284895739786,3
1.2654396765832578,2.300342228969763,3
1.6194588462160628,2.1158800591916904,3
0.2537369498661939,1.9359107992573943,3
0.08648259110946432,1.4195583161404648,3
1.7229282419800693,1.9178248779350897,3
0.19823250830408612,2.023566646982552,3
1.944567308571521,1.2232335771349148,3
1.880199864297024,1.8024329383266082,3
1.272342189723152,2.2702952661304376,3
1.987043634180512,1.4717890736536283,3
0.022242430121626966,1.7842340992822758,3
0.07264462176459918,1.5027090020056801,3
0.3198120232312486,2.0567035860284824,3
1.923539851573862,1.8783206702822697,3
0.4226470289845756,2.2301751369119973,3
0.42884055263851306,2.149505302326858,3
1.0102690115109003,2.2915220663397653,3
2.012479575428554,1.3912367987709928,3
0.5189418620027794,2.1942218899566153,3
0.239261137339555,1.943792767861709,3
0.9310004007996093,2.35359364287132,3
1.542192881867624,2.116312085716496,3
0.024849666821226135,1.4169229185362124,3
1.0316590925600029,2.2681850055625796,3
1.4788201674304247,2.190802330824071,3
0.038309899290481564,1.459736745831219,3
1.973726870455468,1.656267345971791,3
0.024963969299589217,1.4379387515057112,3
0.9910471372225342,2.3081216447087654,3
1.9565549092838592,1.4483254517067454,3
0.5603919192831179,2.1652922240987653,3
0.03652250522805289,1.4661899150033493,3
1.4268845495239975,2.172047379029239,3
0.8863833220564546,2.2627746232001047,3
1.30275579158701,2.164771052312637,3
0.28207370475445304,1.9581196686990108,3
0.07299721991618302,1.8160844279669388,3
0.02215179461751904,1.3926947775095018,3
0.45349787011882214,2.1399209148346867,3
0.5848161247395194,2.250890691176492,3
1.6315020606957784,2.0672789717451687,3
1.7729843582975353,1.8693084514974618,3
0.3082678207590691,1.9406910264205575,3
1.7828262807231932,1.8507458266987094,3
0.025825826347178338,1.5256235831568008,3
0.4777599456084476,2.1393728919656985,3
1.2272715328832435,2.297379445636496,3
-0.08310064103609838,1.576910915007692,3
1.7906874090373106,1.873684335533575,3
1.9921053817619112,1.3607246438043683,3
1.92919181926091,1.8432224447970733,3
1.798054909425106,1.8730642907156376,3
0.8545080357918358,2.2522106028131548,3
0.05644127244939845,1.6278935984752168,3
1.7941940613267031,1.9077717126326212,3
